E_CR,E_NCR,E_NCRE,E_CRE
1.0,0.8383968184077814,0.7712951354338833,0.7126781899041599
0.8383968184077814,1.0,0.5652537219698592,0.6219551120186876
0.7712951354338833,0.5652537219698592,1.0,0.8883994348396402
0.7126781899041599,0.6219551120186876,0.8883994348396402,1.0
