Model1,Model2,TKS,p-value
E_CR,E_NCR,0.5133333333333333,2.2605472571128915e-18
E_CR,E_NCRE,0.6333333333333333,1.4920136895069859e-28
E_CR,E_CRE,0.3333333333333333,8.870018441363217e-08
E_NCR,E_NCRE,0.8466666666666667,3.269921844622385e-55
E_NCR,E_CRE,0.6133333333333333,1.1706959500675617e-26
E_NCRE,E_CRE,0.3466666666666667,2.1627797293112613e-08
