Model1,Model2,TKS,p-value
E_CR,E_NCR,0.42,3.071960882001644e-12
E_CR,E_NCRE,0.7466666666666667,4.765775347859797e-41
E_CR,E_CRE,0.41333333333333333,7.435541680299434e-12
E_NCR,E_NCRE,0.88,7.672348508958754e-61
E_NCR,E_CRE,0.7333333333333333,2.089059293829158e-39
E_NCRE,E_CRE,0.47333333333333333,1.4458301144163532e-15
