Index,RDM,RDM_FDH,EAT,EAT_FDH
avg,0.44112135762432103,0.6356721915267503,0.20965592574561154,0.3445101539151285
max,1.0,1.0,1.0,1.0
min,0.17839047841034894,0.3292682926829268,0.057795096646052535,0.10961158656998449
num_considered,150.0,150.0,150.0,150.0
num_eff,6.0,13.0,3.0,3.0
std_dev,0.19551242324289078,0.18793805929193433,0.16787389925207608,0.2023648536075275
