E_CR,E_NCR,E_NCRE,E_CRE
1.0,0.9304122901060342,0.9157254801464739,0.8988372791129925
0.9304122901060342,1.0,0.8221447750605094,0.8509789823354479
0.9157254801464739,0.8221447750605094,1.0,0.9630470189033837
0.8988372791129925,0.8509789823354479,0.9630470189033837,1.0
