Model1,Model2,TKS,p-value
E_CR,E_NCR,0.42,3.071960882001644e-12
E_CR,E_NCRE,0.6533333333333333,1.5585523187859256e-30
E_CR,E_CRE,0.4866666666666667,1.799621291365404e-16
E_NCR,E_NCRE,0.6866666666666666,4.879418718236469e-34
E_NCR,E_CRE,0.6133333333333333,1.1706959500675617e-26
E_NCRE,E_CRE,0.35333333333333333,1.0441005589778502e-08
