Index,RDM,RDM_FDH,EAT,EAT_FDH
avg,0.36146907405783835,0.5067732571165144,0.20122586623596098,0.27664665194018423
max,1.0,1.0,1.0,1.0
min,0.15789453158654176,0.2135624372933118,0.03916349491750859,0.042196802423538515
num_considered,150.0,150.0,150.0,150.0
num_eff,5.0,9.0,3.0,3.0
std_dev,0.19386269920964166,0.2043389032284403,0.19155844149499213,0.21975802343515358
