E_CR,E_NCR,E_NCRE,E_CRE
1.0,0.8767007254674222,0.8934016091944953,0.8141004138132507
0.8767007254674222,1.0,0.729601712280631,0.6932415662413889
0.8934016091944953,0.729601712280631,1.0,0.9237136639081908
0.8141004138132507,0.6932415662413889,0.9237136639081908,1.0
