Model1,Model2,TKS,p-value
E_CR,E_NCR,0.37333333333333335,1.072155189478446e-09
E_CR,E_NCRE,0.4,4.152392639739754e-11
E_CR,E_CRE,0.22,0.0013578778610396696
E_NCR,E_NCRE,0.62,2.7942537079801884e-27
E_NCR,E_CRE,0.4,4.152392639739754e-11
E_NCRE,E_CRE,0.26666666666666666,4.2462869471388734e-05
