Index,RDM,RDM_FDH,EAT,EAT_FDH
avg,0.5739198858630211,0.7252522528190547,0.370602188868281,0.5306682918898078
max,1.0,1.0,0.8091797390345945,1.0
min,0.2850823211169762,0.44166505936090616,0.16348502154798084,0.2920162059501433
num_considered,150.0,150.0,150.0,150.0
num_eff,8.0,18.0,0.0,5.0
std_dev,0.17782062360112746,0.1629420169366522,0.14089105986076667,0.16593722319996934
