E_CR,E_NCR,E_NCRE,E_CRE
1.0,0.8945095998926823,0.8720175210358048,0.797844343536258
0.8945095998926823,1.0,0.7608357709874601,0.7589230639001472
0.8720175210358048,0.7608357709874601,1.0,0.9044495788756458
0.797844343536258,0.7589230639001472,0.9044495788756458,1.0
