Model1,Model2,TKS,p-value
E_CR,E_NCR,0.38666666666666666,2.1768814256829647e-10
E_CR,E_NCRE,0.48,5.145071127878014e-16
E_CR,E_CRE,0.18666666666666668,0.010603075080924049
E_NCR,E_NCRE,0.68,2.571860282737139e-33
E_NCR,E_CRE,0.5066666666666667,6.934381450873329e-18
E_NCRE,E_CRE,0.35333333333333333,1.0441005589778502e-08
