Model1,Model2,TKS,p-value
E_CR,E_NCR,0.54,2.1287035797715148e-20
E_CR,E_NCRE,0.5866666666666667,2.925235805422983e-24
E_CR,E_CRE,0.06666666666666667,0.8943205382966369
E_NCR,E_NCRE,0.7733333333333333,1.725052219777203e-44
E_NCR,E_CRE,0.5133333333333333,2.2605472571128915e-18
E_NCRE,E_CRE,0.5533333333333333,1.84769076444575e-21
