Index,RDM,RDM_FDH,EAT,EAT_FDH
avg,0.4314346566080953,0.6130383641617695,0.2637824287030892,0.4110269733809554
max,1.0,1.0,1.0,1.0
min,0.20015754076824344,0.24719101123595477,0.09279439451891303,0.19191919191916695
num_considered,150.0,150.0,150.0,150.0
num_eff,15.0,20.0,5.0,9.0
std_dev,0.23730248297057085,0.20483591967183662,0.20642292128528933,0.2092571297307533
