E_CR,E_NCR,E_NCRE,E_CRE
1.0,0.8040926619326468,0.8473944525593353,0.7376603338147087
0.8040926619326468,1.0,0.6053055969568175,0.6719632573472282
0.8473944525593353,0.6053055969568175,1.0,0.8455742836163613
0.7376603338147087,0.6719632573472282,0.8455742836163613,1.0
