Model1,Model2,TKS,p-value
E_CR,E_NCR,0.58,1.1050890820486825e-23
E_CR,E_NCRE,0.5133333333333333,2.2605472571128915e-18
E_CR,E_CRE,0.06,0.9511113939522167
E_NCR,E_NCRE,0.8266666666666667,4.406911399865025e-52
E_NCR,E_CRE,0.58,1.1050890820486825e-23
E_NCRE,E_CRE,0.5,2.0895602771964966e-17
