Model1,Model2,TKS,p-value
E_CR,E_NCR,0.5933333333333334,7.58847782159937e-25
E_CR,E_NCRE,0.6866666666666666,4.879418718236469e-34
E_CR,E_CRE,0.36,4.964595795139777e-09
E_NCR,E_NCRE,0.8733333333333333,1.1387380418559837e-59
E_NCR,E_CRE,0.7266666666666667,1.324769308281905e-38
E_NCRE,E_CRE,0.4266666666666667,1.2488812931502011e-12
