Index,RDM,RDM_FDH,EAT,EAT_FDH
avg,0.36609670554581225,0.5735120551539681,0.1684097915102599,0.2566304751812684
max,1.0,1.0,1.0,1.0
min,0.12261589202330192,0.22891260162601557,0.039577755017747185,0.08080808080808077
num_considered,150.0,150.0,150.0,150.0
num_eff,13.0,16.0,4.0,6.0
std_dev,0.23267781014578784,0.20961427940542213,0.1861284544536708,0.19021379230806548
