E_CR,E_NCR,E_NCRE,E_CRE
1.0,0.9167881586462416,0.8580468862914838,0.8015221147467908
0.9167881586462416,1.0,0.7469532588229877,0.7793838257094577
0.8580468862914838,0.7469532588229877,1.0,0.8966701552225014
0.8015221147467908,0.7793838257094577,0.8966701552225014,1.0
