Model1,Model2,TKS,p-value
E_CR,E_NCR,0.5,2.0895602771964966e-17
E_CR,E_NCRE,0.47333333333333333,1.4458301144163532e-15
E_CR,E_CRE,0.26,7.268419098706118e-05
E_NCR,E_NCRE,0.7866666666666666,2.704886509293451e-46
E_NCR,E_CRE,0.5533333333333333,1.84769076444575e-21
E_NCRE,E_CRE,0.28,1.388333892239179e-05
