Model1,Model2,TKS,p-value
E_CR,E_NCR,0.38666666666666666,2.1768814256829647e-10
E_CR,E_NCRE,0.44,1.965831665143835e-13
E_CR,E_CRE,0.08666666666666667,0.6279165272026672
E_NCR,E_NCRE,0.6733333333333333,1.3226710025505286e-32
E_NCR,E_CRE,0.34,4.4129444981906546e-08
E_NCRE,E_CRE,0.49333333333333335,6.186198189068576e-17
