Index,RDM,RDM_FDH,EAT,EAT_FDH
avg,0.41968245164382745,0.5685200793658606,0.2523814694831976,0.43148441559237655
max,1.0,1.0,1.0,1.0
min,0.1499719703311706,0.16476888020833336,0.0862412431213555,0.15255319148936064
num_considered,150.0,150.0,150.0,150.0
num_eff,13.0,19.0,2.0,10.0
std_dev,0.22968914836751025,0.2317543607226859,0.1854957671941163,0.22136851580800826
