E_CR,E_NCR,E_NCRE,E_CRE
1.0,0.8942325239590625,0.851900034064258,0.799226821172602
0.8942325239590625,1.0,0.6775171355140944,0.7267078154392531
0.851900034064258,0.6775171355140944,1.0,0.9178603836684833
0.799226821172602,0.7267078154392531,0.9178603836684833,1.0
