Model1,Model2,TKS,p-value
E_CR,E_NCR,0.4533333333333333,2.897260045106925e-14
E_CR,E_NCRE,0.4866666666666667,1.799621291365404e-16
E_CR,E_CRE,0.13333333333333333,0.13906219315479607
E_NCR,E_NCRE,0.7066666666666667,2.8630071255574174e-36
E_NCR,E_CRE,0.5133333333333333,2.2605472571128915e-18
E_NCRE,E_CRE,0.4066666666666667,1.771162737329753e-11
