Model1,Model2,TKS,p-value
E_CR,E_NCR,0.44,1.965831665143835e-13
E_CR,E_NCRE,0.6,1.92873811298984e-25
E_CR,E_CRE,0.26,7.268419098706118e-05
E_NCR,E_NCRE,0.7533333333333333,6.885911148998946e-42
E_NCR,E_CRE,0.5666666666666667,1.48581352252757e-22
E_NCRE,E_CRE,0.4,4.152392639739754e-11
