Index,RDM,RDM_FDH,EAT,EAT_FDH
avg,0.47948807644925134,0.6653673142297722,0.302233724509623,0.43489596585694473
max,1.0,1.0,1.0,1.0
min,0.19350066739140703,0.32262931034482534,0.09687025631928803,0.1555804641472298
num_considered,150.0,150.0,150.0,150.0
num_eff,8.0,20.0,5.0,8.0
std_dev,0.21222100223136,0.19755399893519593,0.2084939690108438,0.2167093720450976
