E_CR,E_NCR,E_NCRE,E_CRE
1.0,0.8988884455289847,0.8286006726194836,0.8605082008592083
0.8988884455289847,1.0,0.7084391227604522,0.77376063452152
0.8286006726194836,0.7084391227604522,1.0,0.8841737954333158
0.8605082008592083,0.77376063452152,0.8841737954333158,1.0
