Model1,Model2,TKS,p-value
E_CR,E_NCR,0.3933333333333333,9.582444553245586e-11
E_CR,E_NCRE,0.6533333333333333,1.5585523187859256e-30
E_CR,E_CRE,0.21333333333333335,0.002105861427617511
E_NCR,E_NCRE,0.7666666666666667,1.3110396870306743e-43
E_NCR,E_CRE,0.4866666666666667,1.799621291365404e-16
E_NCRE,E_CRE,0.54,2.1287035797715148e-20
