Index,RDM,RDM_FDH,EAT,EAT_FDH
avg,0.5924964044520086,0.7467437677611047,0.3402279230623925,0.5333432690106444
max,1.0,1.0,1.0,1.0
min,0.26657152646778803,0.3717834323587237,0.12888816495479172,0.2246829388214906
num_considered,150.0,150.0,150.0,150.0
num_eff,11.0,23.0,2.0,7.0
std_dev,0.19188543653042187,0.18056504583230495,0.17431579938718691,0.19855418173296255
