E_CR,E_NCR,E_NCRE,E_CRE
1.0,0.9390650234199226,0.8598415210880193,0.8902658763594334
0.9390650234199226,1.0,0.7487965448494179,0.8193045176645484
0.8598415210880193,0.7487965448494179,1.0,0.9262691647137571
0.8902658763594334,0.8193045176645484,0.9262691647137571,1.0
