Model1,Model2,TKS,p-value
E_CR,E_NCR,0.32,3.426778625182062e-07
E_CR,E_NCRE,0.68,2.571860282737139e-33
E_CR,E_CRE,0.5,2.0895602771964966e-17
E_NCR,E_NCRE,0.7866666666666666,2.704886509293451e-46
E_NCR,E_CRE,0.6533333333333333,1.5585523187859256e-30
E_NCRE,E_CRE,0.20666666666666667,0.003220729236713058
