Index,RDM,RDM_FDH,EAT,EAT_FDH
avg,0.47207251453296295,0.5880897517657999,0.21720985715493957,0.2958179310874483
max,1.0,1.0,1.0,1.0
min,0.21108714726186517,0.2572568356929579,0.07342458383538863,0.09337265209366585
num_considered,150.0,150.0,150.0,150.0
num_eff,7.0,14.0,2.0,4.0
std_dev,0.207860159299373,0.21406974905667336,0.1671635599388078,0.218288726097317
