E_CR,E_NCR,E_NCRE,E_CRE
1.0,0.9369767530710166,0.8648799954262583,0.8160353214554084
0.9369767530710166,1.0,0.7838624536788702,0.829674170454168
0.8648799954262583,0.7838624536788702,1.0,0.8920469408356727
0.8160353214554084,0.829674170454168,0.8920469408356727,1.0
