Model1,Model2,TKS,p-value
E_CR,E_NCR,0.3466666666666667,2.1627797293112613e-08
E_CR,E_NCRE,0.35333333333333333,1.0441005589778502e-08
E_CR,E_CRE,0.18,0.015344284102461966
E_NCR,E_NCRE,0.6533333333333333,1.5585523187859256e-30
E_NCR,E_CRE,0.21333333333333335,0.002105861427617511
E_NCRE,E_CRE,0.47333333333333333,1.4458301144163532e-15
