Index,RDM,RDM_FDH,EAT,EAT_FDH
avg,0.46073275381545403,0.5769333766846915,0.3292996176863821,0.4889164207196325
max,1.0,1.0,1.0,1.0
min,0.21621836143882467,0.22629159207712557,0.14953310010329435,0.22629159207712557
num_considered,150.0,150.0,150.0,150.0
num_eff,6.0,10.0,3.0,5.0
std_dev,0.20093145725034323,0.20888594648610215,0.15740444117491378,0.18341081203642687
