E_CR,E_NCR,E_NCRE,E_CRE
1.0,0.9511951297313428,0.9124737846814017,0.8850546470145808
0.9511951297313428,1.0,0.8476604318081308,0.8624626744272612
0.9124737846814017,0.8476604318081308,1.0,0.9433035342164383
0.8850546470145808,0.8624626744272612,0.9433035342164383,1.0
