Model1,Model2,TKS,p-value
E_CR,E_NCR,0.3466666666666667,2.1627797293112613e-08
E_CR,E_NCRE,0.49333333333333335,6.186198189068576e-17
E_CR,E_CRE,0.10666666666666667,0.3617268879273219
E_NCR,E_NCRE,0.64,3.335802964344887e-29
E_NCR,E_CRE,0.4066666666666667,1.771162737329753e-11
E_NCRE,E_CRE,0.4066666666666667,1.771162737329753e-11
