Index,RDM,RDM_FDH,EAT,EAT_FDH
avg,0.49901199220953507,0.5982593056761352,0.3540495174466176,0.46993286456375777
max,1.0,1.0,1.0,1.0
min,0.22214384766613238,0.2543560095888818,0.14680086556050265,0.2139133239602533
num_considered,150.0,150.0,150.0,150.0
num_eff,11.0,14.0,3.0,4.0
std_dev,0.20205805083501463,0.1876698973930553,0.17767099740188916,0.18838494353109933
