E_CR,E_NCR,E_NCRE,E_CRE
1.0,0.9173786627407042,0.8691167149585906,0.8677584500863643
0.9173786627407042,1.0,0.750388331118342,0.7597490789955847
0.8691167149585906,0.750388331118342,1.0,0.9416884031981856
0.8677584500863643,0.7597490789955847,0.9416884031981856,1.0
