Model1,Model2,TKS,p-value
E_CR,E_NCR,0.36666666666666664,2.324883884553262e-09
E_CR,E_NCRE,0.6,1.92873811298984e-25
E_CR,E_CRE,0.4266666666666667,1.2488812931502011e-12
E_NCR,E_NCRE,0.7666666666666667,1.3110396870306743e-43
E_NCR,E_CRE,0.6266666666666667,6.527559891593063e-28
E_NCRE,E_CRE,0.28,1.388333892239179e-05
