Model1,Model2,TKS,p-value
E_CR,E_NCR,0.41333333333333333,7.435541680299434e-12
E_CR,E_NCRE,0.5333333333333333,7.024721813246e-20
E_CR,E_CRE,0.1,0.4425235033915137
E_NCR,E_NCRE,0.7533333333333333,6.885911148998946e-42
E_NCR,E_CRE,0.4666666666666667,3.994105691075176e-15
E_NCRE,E_CRE,0.44,1.965831665143835e-13
