Index,RDM,RDM_FDH,EAT,EAT_FDH
avg,0.39791601307449764,0.5367062237003559,0.19392543782812854,0.282730752803722
max,1.0,1.0,1.0,1.0
min,0.13995618057776982,0.24577053556801876,0.034664807018644495,0.04909221378589468
num_considered,150.0,150.0,150.0,150.0
num_eff,13.0,19.0,2.0,7.0
std_dev,0.23998229762772116,0.22708080762088584,0.19934312468411117,0.24383207414756186
