E_CR,E_NCR,E_NCRE,E_CRE
1.0,0.928760462108415,0.8805845556663194,0.8830837016971945
0.928760462108415,1.0,0.7706140668630065,0.7962211544575682
0.8805845556663194,0.7706140668630065,1.0,0.9749343827183311
0.8830837016971945,0.7962211544575682,0.9749343827183311,1.0
