Model1,Model2,TKS,p-value
E_CR,E_NCR,0.34,4.4129444981906546e-08
E_CR,E_NCRE,0.5666666666666667,1.48581352252757e-22
E_CR,E_CRE,0.4066666666666667,1.771162737329753e-11
E_NCR,E_NCRE,0.7,1.6287329425393308e-35
E_NCR,E_CRE,0.5866666666666667,2.925235805422983e-24
E_NCRE,E_CRE,0.22,0.0013578778610396696
