Index,RDM,RDM_FDH,EAT,EAT_FDH
avg,0.5450750106040878,0.7001276390612085,0.3183244263440536,0.3997434682521266
max,1.0,1.0,1.0,1.0
min,0.24366470234857762,0.3131687458555902,0.0819523040369794,0.09255702919871078
num_considered,150.0,150.0,150.0,150.0
num_eff,12.0,21.0,2.0,8.0
std_dev,0.22264564336389947,0.20283494812860534,0.22253003600853416,0.24755944179528244
