E_CR,E_NCR,E_NCRE,E_CRE
1.0,0.901994139125669,0.8657375217991621,0.8666427631227005
0.901994139125669,1.0,0.7229549490536803,0.7825560283429256
0.8657375217991621,0.7229549490536803,1.0,0.9376164114096052
0.8666427631227005,0.7825560283429256,0.9376164114096052,1.0
