Model1,Model2,TKS,p-value
E_CR,E_NCR,0.4266666666666667,1.2488812931502011e-12
E_CR,E_NCRE,0.52,7.237717095142152e-19
E_CR,E_CRE,0.29333333333333333,4.284917060711488e-06
E_NCR,E_NCRE,0.6933333333333334,9.0288456597289e-35
E_NCR,E_CRE,0.52,7.237717095142152e-19
E_NCRE,E_CRE,0.28,1.388333892239179e-05
