Model1,Model2,TKS,p-value
E_CR,E_NCR,0.46,1.0848188296747393e-14
E_CR,E_NCRE,0.6133333333333333,1.1706959500675617e-26
E_CR,E_CRE,0.4066666666666667,1.771162737329753e-11
E_NCR,E_NCRE,0.8133333333333334,4.360394001755339e-50
E_NCR,E_CRE,0.66,3.254808055295909e-31
E_NCRE,E_CRE,0.34,4.4129444981906546e-08
