Index,RDM,RDM_FDH,EAT,EAT_FDH
avg,0.4463281490139273,0.6264131194714063,0.2694205701202039,0.38440319917561283
max,1.0,1.0,1.0,1.0
min,0.17592129654572852,0.3113814756667004,0.054278929390445985,0.08809748710567311
num_considered,150.0,150.0,150.0,150.0
num_eff,7.0,15.0,3.0,9.0
std_dev,0.21643294317231979,0.2042894935623821,0.22330572464158377,0.2528631495080825
