E_CR,E_NCR,E_NCRE,E_CRE
1.0,0.8563993812094337,0.7889831814277533,0.7332713396947891
0.8563993812094337,1.0,0.572023732718096,0.5695850003743579
0.7889831814277533,0.572023732718096,1.0,0.956249586574766
0.7332713396947891,0.5695850003743579,0.956249586574766,1.0
