Model1,Model2,TKS,p-value
E_CR,E_NCR,0.4,4.152392639739754e-11
E_CR,E_NCRE,0.58,1.1050890820486825e-23
E_CR,E_CRE,0.29333333333333333,4.284917060711488e-06
E_NCR,E_NCRE,0.74,3.201623438818633e-40
E_NCR,E_CRE,0.5733333333333334,4.092283006961527e-23
E_NCRE,E_CRE,0.36,4.964595795139777e-09
