Model1,Model2,TKS,p-value
E_CR,E_NCR,0.3333333333333333,8.870018441363217e-08
E_CR,E_NCRE,0.2866666666666667,7.768915044654473e-06
E_CR,E_CRE,0.21333333333333335,0.002105861427617511
E_NCR,E_NCRE,0.5133333333333333,2.2605472571128915e-18
E_NCR,E_CRE,0.17333333333333334,0.021902713572760964
E_NCRE,E_CRE,0.42,3.071960882001644e-12
