Index,RDM,RDM_FDH,EAT,EAT_FDH
avg,0.4015373242165521,0.5421295596061002,0.3018997359687894,0.46539945717397757
max,1.0,1.0,1.0,1.0
min,0.10891084753974167,0.1832858499525165,0.07723495796478985,0.1407331486521054
num_considered,150.0,150.0,150.0,150.0
num_eff,12.0,14.0,5.0,10.0
std_dev,0.2370373203965843,0.2299372359760313,0.21377140283255924,0.22659820081177792
