E_CR,E_NCR,E_NCRE,E_CRE
1.0,0.9210839386543063,0.893218823818188,0.9036872327576064
0.9210839386543063,1.0,0.8107685626010941,0.85563817146611
0.893218823818188,0.8107685626010941,1.0,0.94520273823006
0.9036872327576064,0.85563817146611,0.94520273823006,1.0
