Model1,Model2,TKS,p-value
E_CR,E_NCR,0.29333333333333333,4.284917060711488e-06
E_CR,E_NCRE,0.5466666666666666,6.33105806052735e-21
E_CR,E_CRE,0.2733333333333333,2.4455055716506633e-05
E_NCR,E_NCRE,0.68,2.571860282737139e-33
E_NCR,E_CRE,0.5266666666666666,2.2756141085163098e-19
E_NCRE,E_CRE,0.32,3.426778625182062e-07
