Index,RDM,RDM_FDH,EAT,EAT_FDH
avg,0.5400504446551321,0.6639625101936313,0.3220360460584583,0.4521418712081559
max,1.0,1.0,0.9895119478489821,1.0
min,0.2595958289521958,0.33361869054184,0.11904441754663331,0.17951682891312082
num_considered,150.0,150.0,150.0,150.0
num_eff,12.0,17.0,0.0,7.0
std_dev,0.2124932063211184,0.19992193853734325,0.19026948077853575,0.2378595466536852
