E_CR,E_NCR,E_NCRE,E_CRE
1.0,0.9299395507487347,0.9056334166579104,0.8938473370666992
0.9299395507487347,1.0,0.8544923700431172,0.8651145675113284
0.9056334166579104,0.8544923700431172,1.0,0.9515494262621464
0.8938473370666992,0.8651145675113284,0.9515494262621464,1.0
