Model1,Model2,TKS,p-value
E_CR,E_NCR,0.31333333333333335,6.587399687243187e-07
E_CR,E_NCRE,0.4066666666666667,1.771162737329753e-11
E_CR,E_CRE,0.15333333333333332,0.058681986033679176
E_NCR,E_NCRE,0.6,1.92873811298984e-25
E_NCR,E_CRE,0.4,4.152392639739754e-11
E_NCRE,E_CRE,0.31333333333333335,6.587399687243187e-07
