Index,RDM,RDM_FDH,EAT,EAT_FDH
avg,0.530981166005244,0.6556381793303618,0.3765647384263838,0.4881013150520812
max,1.0,1.0,1.0,1.0
min,0.2438982459998611,0.25539184298344053,0.1569100665072074,0.22317330617682596
num_considered,150.0,150.0,150.0,150.0
num_eff,6.0,17.0,2.0,7.0
std_dev,0.19161370322184856,0.1979968350925754,0.18361010923476498,0.19637944514443453
