E_CR,E_NCR,E_NCRE,E_CRE
1.0,0.9271652284796855,0.8770363290131064,0.8585690156618256
0.9271652284796855,1.0,0.7570828504392269,0.7668458316644664
0.8770363290131064,0.7570828504392269,1.0,0.9434860485594836
0.8585690156618256,0.7668458316644664,0.9434860485594836,1.0
