Model1,Model2,TKS,p-value
E_CR,E_NCR,0.38,4.868724048839319e-10
E_CR,E_NCRE,0.5666666666666667,1.48581352252757e-22
E_CR,E_CRE,0.30666666666666664,1.247805517679719e-06
E_NCR,E_NCRE,0.72,8.169410734405082e-38
E_NCR,E_CRE,0.54,2.1287035797715148e-20
E_NCRE,E_CRE,0.32,3.426778625182062e-07
