Model1,Model2,TKS,p-value
E_CR,E_NCR,0.5733333333333334,4.092283006961527e-23
E_CR,E_NCRE,0.6733333333333333,1.3226710025505286e-32
E_CR,E_CRE,0.41333333333333333,7.435541680299434e-12
E_NCR,E_NCRE,0.88,7.672348508958754e-61
E_NCR,E_CRE,0.72,8.169410734405082e-38
E_NCRE,E_CRE,0.3466666666666667,2.1627797293112613e-08
