Index,RDM,RDM_FDH,EAT,EAT_FDH
avg,0.4508578831680163,0.6040368924852818,0.24329924736173106,0.35637684107639406
max,1.0,1.0,1.0,1.0
min,0.14955052972668426,0.2302287581699347,0.05722019949499069,0.08637284866145944
num_considered,150.0,150.0,150.0,150.0
num_eff,10.0,19.0,3.0,7.0
std_dev,0.22557298114116364,0.22122854097601266,0.20623465766931492,0.23974213484838552
