E_CR,E_NCR,E_NCRE,E_CRE
1.0,0.91324382276463,0.8764803853946901,0.8630759746900698
0.91324382276463,1.0,0.7533653019942846,0.8155790909430637
0.8764803853946901,0.7533653019942846,1.0,0.9409469888325046
0.8630759746900698,0.8155790909430637,0.9409469888325046,1.0
