Model1,Model2,TKS,p-value
E_CR,E_NCR,0.25333333333333335,0.00012265457229066002
E_CR,E_NCRE,0.34,4.4129444981906546e-08
E_CR,E_CRE,0.08,0.7249566931207618
E_NCR,E_NCRE,0.4666666666666667,3.994105691075176e-15
E_NCR,E_CRE,0.28,1.388333892239179e-05
E_NCRE,E_CRE,0.30666666666666664,1.247805517679719e-06
