Index,RDM,RDM_FDH,EAT,EAT_FDH
avg,0.4415212995956355,0.558271749531958,0.30931550653445017,0.42000107147397103
max,1.0,1.0,1.0,1.0
min,0.1669816070968898,0.1888541159561824,0.11137920145153057,0.14974010850489583
num_considered,150.0,150.0,150.0,150.0
num_eff,5.0,9.0,1.0,3.0
std_dev,0.2138196854190402,0.22958718911223316,0.17422256480880915,0.20114446407804368
