E_CR,E_NCR,E_NCRE,E_CRE
1.0,0.9404341369158585,0.8851725950639683,0.875248585411555
0.9404341369158585,1.0,0.8059868500823182,0.842545180469193
0.8851725950639683,0.8059868500823182,1.0,0.8987524806704417
0.875248585411555,0.842545180469193,0.8987524806704417,1.0
