Model1,Model2,TKS,p-value
E_CR,E_NCR,0.5333333333333333,7.024721813246e-20
E_CR,E_NCRE,0.5866666666666667,2.925235805422983e-24
E_CR,E_CRE,0.44,1.965831665143835e-13
E_NCR,E_NCRE,0.8,3.6944064673263164e-48
E_NCR,E_CRE,0.7,1.6287329425393308e-35
E_NCRE,E_CRE,0.31333333333333335,6.587399687243187e-07
