Model1,Model2,TKS,p-value
E_CR,E_NCR,0.30666666666666664,1.247805517679719e-06
E_CR,E_NCRE,0.5066666666666667,6.934381450873329e-18
E_CR,E_CRE,0.10666666666666667,0.3617268879273219
E_NCR,E_NCRE,0.7466666666666667,4.765775347859797e-41
E_NCR,E_CRE,0.35333333333333333,1.0441005589778502e-08
E_NCRE,E_CRE,0.44666666666666666,7.609670961847104e-14
