Index,RDM,RDM_FDH,EAT,EAT_FDH
avg,0.4764861724755633,0.6105883306257901,0.27186460403059437,0.4502241991140496
max,1.0,1.0,1.0,1.0
min,0.16442560721044797,0.25624999999999964,0.08539835565818232,0.15926783084367768
num_considered,150.0,150.0,150.0,150.0
num_eff,11.0,19.0,4.0,8.0
std_dev,0.21922549443060438,0.21845526009862665,0.1895422995162881,0.22137992279388427
